funcionalidad,tipo,componente,caso de prueba,resultado esperado
MANTENEDOR – SWITCH FLUJO DE MIGRACIONES-Desactivado,mantenedor,botón Mantenimiento,Validar que al darle clic en el botón Mantenimiento nos muestre la pantalla Mantenimiento,Se debe mostrar la pantalla Mantenimiento
MANTENEDOR – SWITCH FLUJO DE MIGRACIONES-Desactivado,mantenedor,switch Migraciones,Validar que al verificar el switch Migraciones esté activado,El switch Migraciones debe estar activado
MANTENEDOR – SWITCH FLUJO DE MIGRACIONES-Desactivado,mantenedor,switch Migraciones,Validar que al darle clic en el switch Migraciones se desactive,El switch Migraciones debe desactivarse
MANTENEDOR – SWITCH FLUJO DE MIGRACIONES-Desactivado,mantenedor,botón Continuar,Validar que al darle clic en el botón Continuar se realicen los cambios correctamente,Los cambios deben realizarse correctamente
MANTENEDOR – SWITCH FLUJO DE MIGRACIONES-Desactivado,aplicación,menú hamburguesa,Validar que al darle clic en el menú hamburguesa se muestre el menú desplegable,Se debe mostrar el menú desplegable
MANTENEDOR – SWITCH FLUJO DE MIGRACIONES-Desactivado,aplicación,menú hamburguesa,Validar que la opción 'pásate a un plan' no se muestre en el menú hamburguesa,La opción 'pásate a un plan' no debe mostrarse en el menú hamburguesa
MANTENEDOR – SWITCH FLUJO DE MIGRACIONES Activado,mantenedor,botón Mantenimiento,Validar que al darle clic en el botón Mantenimiento nos muestre la pantalla Mantenimiento,Se debe mostrar la pantalla Mantenimiento
MANTENEDOR – SWITCH FLUJO DE MIGRACIONES Activado,mantenedor,switch Migraciones,Validar que el switch Migraciones se encuentre activado en la pantalla Mantenimiento,El switch Migraciones debe estar activado
MANTENEDOR – SWITCH FLUJO DE MIGRACIONES Activado,aplicación,menú hamburguesa,Validar que al darle clic en el menú hamburguesa se muestre el menú de opciones,Se debe mostrar el menú de opciones
MANTENEDOR – SWITCH FLUJO DE MIGRACIONES Activado,aplicación,opción 'Pásate a un plan',Validar que la opción 'Pásate a un plan' sea visible en el menú hamburguesa,La opción 'Pásate a un plan' debe ser visible en el menú hamburguesa
MANTENEDOR – SWITCH FLUJO DE MIGRACIONES Activado,aplicación,switch Migraciones,Validar que la función del switch Migraciones funcione correctamente,La función del switch Migraciones debe funcionar correctamente
MANTENEDOR – CONFIGURACIÓN DE PARRILLAS- MIGRACIONES,mantenedor,menú NBA Admin,Validar que al dar clic en el menú NBA Admin se muestre el botón Parrillas Flujos Nativos,Se debe mostrar el botón Parrillas Flujos Nativos
MANTENEDOR – CONFIGURACIÓN DE PARRILLAS- MIGRACIONES,mantenedor,botón Parrillas Flujos Nativos,Validar que al dar clic en el botón Parrillas Flujos Nativos se muestre la pantalla Parrilla Flujos Nativos,Se debe mostrar la pantalla Parrilla Flujos Nativos
MANTENEDOR – CONFIGURACIÓN DE PARRILLAS- MIGRACIONES,mantenedor,sección Migración,Validar que al dar clic en la sección Migración se muestre la sección Parrillas,Se debe mostrar la sección Parrillas
MANTENEDOR – CONFIGURACIÓN DE PARRILLAS- MIGRACIONES,mantenedor,sección Parrillas,Validar que se puedan visualizar los diferentes planes configurables para el flujo de migraciones,Se deben mostrar los diferentes planes configurables para el flujo de migraciones
MANTENEDOR – CONFIGURACIÓN DE PARRILLAS- MIGRACIONES,mantenedor,plan 1,Validar que al dar clic en el plan 1 se muestren los campos correspondientes,Se deben mostrar los campos correspondientes al plan 1
MANTENEDOR – CONFIGURACIÓN DE PARRILLAS- MIGRACIONES,mantenedor,combo lista Beneficios incluidos,Validar que al dar clic en el combo lista Beneficios incluidos se desplieguen las opciones Base64 y URL,Se deben desplegar las opciones Base64 y URL
MANTENEDOR – CONFIGURACIÓN DE PARRILLAS- MIGRACIONES,mantenedor,contenedor editor HTML,Validar que se pueda modificar el diseño del plan utilizando el contenedor editor HTML,Se debe poder modificar el diseño del plan utilizando el contenedor editor HTML
MANTENEDOR – CONFIGURACIÓN DE PARRILLAS- MIGRACIONES,mantenedor,vista previa del diseño del plan,Validar que se pueda modificar el diseño del plan dando doble clic en el texto a editar,Se debe poder modificar el diseño del plan dando doble clic en el texto a editar
MANTENEDOR – CONFIGURACIÓN DE PARRILLAS- MIGRACIONES,mantenedor,combo lista Beneficios incluidos,Validar que se pueda agregar una imagen al diseño del plan seleccionando la opción Base64,Se debe poder agregar una imagen al diseño del plan seleccionando la opción Base64
MANTENEDOR – CONFIGURACIÓN DE PARRILLAS- MIGRACIONES,mantenedor,combo lista Beneficios incluidos,Validar que se pueda agregar una imagen al diseño del plan seleccionando la opción URL,Se debe poder agregar una imagen al diseño del plan seleccionando la opción URL
MANTENEDOR – CONFIGURACIÓN DE PARRILLAS- MIGRACIONES,mantenedor,contenedor Términos y condiciones de uso,Validar que se pueda ingresar los Términos y condiciones en el contenedor Términos y condiciones de uso,Se debe poder ingresar los Términos y condiciones en el contenedor Términos y condiciones de uso
MANTENEDOR – CONFIGURACIÓN DE PARRILLAS- MIGRACIONES,mantenedor,contenedor Contrato,Validar que se pueda verificar que el código en HTML se encuentre en el contenedor Contrato,Se debe poder verificar que el código en HTML se encuentre en el contenedor Contrato
MANTENEDOR – CONFIGURACIÓN DE PARRILLAS- MIGRACIONES,mantenedor,botón Continuar,Validar que al dar clic en el botón Continuar se muestre un mensaje de actualización exitosa,Se debe mostrar un mensaje de actualización exitosa
MIGRACIONES,aplicación,botón menú hamburguesa,Validar que al dar clic en el botón menú hamburguesa se despliegue el menú hamburguesa,Se debe desplegar el menú hamburguesa
MIGRACIONES,aplicación,botón 'Pásate a un plan',Validar que al dar clic en el botón 'Pásate a un plan' se muestre la pantalla de bienvenida 'Pásate a un plan',Se debe mostrar la pantalla de bienvenida 'Pásate a un plan'
MIGRACIONES,aplicación,botón 'Pasarme a un plan',Validar que al dar clic en el botón 'Pasarme a un plan' se muestre la pantalla de Historial crediticio,Se debe mostrar la pantalla de Historial crediticio
MIGRACIONES,aplicación,campo RFC,"Validar que al dar clic en el icono ¡ del campo RFC se despliegue el mensaje 'Si no conoces tu RFC, encuéntralo aquí'","Se debe desplegar el mensaje 'Si no conoces tu RFC, encuéntralo aquí'"
MIGRACIONES,aplicación,vínculo 'Aquí',Validar que al dar clic en el vínculo 'Aquí' se muestre la plataforma Portal de trámites y servicios - SAT para consultar el RFC,Se debe mostrar la plataforma Portal de trámites y servicios - SAT para consultar el RFC
MIGRACIONES,aplicación,casilla '¿Tienes tarjeta de crédito vigente?',Validar que se pueda seleccionar la casilla 'No' de la pregunta '¿Tienes tarjeta de crédito vigente?',Se debe poder seleccionar la casilla 'No' de la pregunta '¿Tienes tarjeta de crédito vigente?'
MIGRACIONES,aplicación,casilla '¿En los últimos 2 años recibiste un crédito automotriz?',Validar que se pueda seleccionar la casilla 'No' de la pregunta '¿En los últimos 2 años recibiste un crédito automotriz?',Se debe poder seleccionar la casilla 'No' de la pregunta '¿En los últimos 2 años recibiste un crédito automotriz?'
MIGRACIONES,aplicación,casilla '¿Recibiste un crédito hipotecario en los últimos 6 años?',Validar que se pueda seleccionar la casilla 'No' de la pregunta '¿Recibiste un crédito hipotecario en los últimos 6 años?',Se debe poder seleccionar la casilla 'No' de la pregunta '¿Recibiste un crédito hipotecario en los últimos 6 años?'
MIGRACIONES,aplicación,casillas para Autorizar a Telefónica Movistar,Validar que se puedan seleccionar las casillas para Autorizar a Telefónica Movistar,Se deben poder seleccionar las casillas para Autorizar a Telefónica Movistar
MIGRACIONES,aplicación,botón Continuar,Validar que al dar clic en el botón Continuar se muestre la pantalla del spinner de carga,Se debe mostrar la pantalla del spinner de carga
MIGRACIONES,aplicación,pantalla de Planes Movistar,Validar que se muestren los planes configurados correctamente en la pantalla de Planes Movistar,Se deben mostrar los planes configurados correctamente en la pantalla de Planes Movistar
MANTENEDOR – CONFIGURACIÓN DE PARRILLAS - SWITCH MOSTRAR EN EL APP – PLAN 2 – ACTIVADO,mantenedor,botón Parrillas Flujos Nativos,Validar que al dar clic en el botón Parrillas Flujos Nativos nos muestre la pantalla Parrilla Flujos Nativos,Se debe mostrar la pantalla Parrilla Flujos Nativos
MANTENEDOR – CONFIGURACIÓN DE PARRILLAS - SWITCH MOSTRAR EN EL APP – PLAN 2 – ACTIVADO,mantenedor,sección Migración,Validar que al dar clic en la sección Migración nos muestre la sección Parrillas,Se debe mostrar la sección Parrillas
MANTENEDOR – CONFIGURACIÓN DE PARRILLAS - SWITCH MOSTRAR EN EL APP – PLAN 2 – ACTIVADO,mantenedor,plan 2,Validar que al dar clic en el plan 2 nos muestre la pantalla del plan 2,Se debe mostrar la pantalla del plan 2 con los campos correspondientes
MANTENEDOR – CONFIGURACIÓN DE PARRILLAS - SWITCH MOSTRAR EN EL APP – PLAN 2 – ACTIVADO,mantenedor,Switch ¿Desea mostrar en el app?,Validar que al activar el Switch ¿Desea mostrar en el app? se guarde el cambio,Se debe guardar el cambio de activar el Switch ¿Desea mostrar en el app?
MANTENEDOR – CONFIGURACIÓN DE PARRILLAS - SWITCH MOSTRAR EN EL APP – PLAN 2 – ACTIVADO,mantenedor,Switch ¿Caribú?,Validar que al activar el Switch ¿Caribú? se guarde el cambio,Se debe guardar el cambio de activar el Switch ¿Caribú?
MANTENEDOR – CONFIGURACIÓN DE PARRILLAS - SWITCH MOSTRAR EN EL APP – PLAN 2 – ACTIVADO,mantenedor,botón Continuar,Validar que al dar clic en el botón Continuar se muestre un mensaje de actualización exitosa,Se debe mostrar un mensaje de actualización exitosa
MANTENEDOR – CONFIGURACIÓN DE PARRILLAS - SWITCH MOSTRAR EN EL APP – PLAN 2 – ACTIVADO,aplicación,botón menú hamburguesa,Validar que al dar clic en el botón menú hamburguesa se despliegue el menú hamburguesa,Se debe desplegar el menú hamburguesa
MANTENEDOR – CONFIGURACIÓN DE PARRILLAS - SWITCH MOSTRAR EN EL APP – PLAN 2 – ACTIVADO,aplicación,botón 'pásate a un plan',Validar que al dar clic en el botón 'pásate a un plan' se muestre la pantalla 'Pásate a un plan',Se debe mostrar la pantalla 'Pásate a un plan'
MANTENEDOR – CONFIGURACIÓN DE PARRILLAS - SWITCH MOSTRAR EN EL APP – PLAN 2 – ACTIVADO,aplicación,botón Pasarme a un plan,Validar que al dar clic en el botón Pasarme a un plan se muestre la pantalla 'Planes Movistar',Se debe mostrar la pantalla 'Planes Movistar' con el diseño del plan configurado desde el mantenedor
MANTENEDOR – CONFIGURACIÓN DE PARRILLAS - SWITCH MOSTRAR EN EL APP – PLAN 2 – DESACTIVADO,mantenedor,botón Parrillas Flujos Nativos,Validar que al darle clic en el botón Parrillas Flujos Nativos nos muestre la pantalla Parrilla Flujos Nativos,Se debe mostrar la pantalla Parrilla Flujos Nativos
MANTENEDOR – CONFIGURACIÓN DE PARRILLAS - SWITCH MOSTRAR EN EL APP – PLAN 2 – DESACTIVADO,mantenedor,sección Migración,Validar que al darle clic en la sección Migración nos muestre la sección Parrillas,Se debe mostrar la sección Parrillas
MANTENEDOR – CONFIGURACIÓN DE PARRILLAS - SWITCH MOSTRAR EN EL APP – PLAN 2 – DESACTIVADO,mantenedor,plan 2,Validar que al darle clic en el plan 2 nos muestre los campos correspondientes,"Se deben mostrar los campos -Código del plan-, -Diferenciador de plan-, -Nombre de plan-, -Costo del plan-, -Beneficios del plan-, -Texto de botón--, Switch -¿Desea mostrar en el app?-, Switch -¿Caribu?-, -Formulario guardado-,-Orden/Prioridad-, -Descuento-, -Monto fianza anual-, -Información de descuento-"
MANTENEDOR – CONFIGURACIÓN DE PARRILLAS - SWITCH MOSTRAR EN EL APP – PLAN 2 – DESACTIVADO,mantenedor,combo lista -Beneficios incluidos-,Validar que se pueda seleccionar un beneficio incluido en el combo lista,Se debe poder seleccionar un beneficio incluido en el combo lista
MANTENEDOR – CONFIGURACIÓN DE PARRILLAS - SWITCH MOSTRAR EN EL APP – PLAN 2 – DESACTIVADO,mantenedor,contenedor editor HTML,Validar que se pueda editar el diseño de los planes utilizando el contenedor editor HTML,Se debe poder editar el diseño de los planes utilizando el contenedor editor HTML
MANTENEDOR – CONFIGURACIÓN DE PARRILLAS - SWITCH MOSTRAR EN EL APP – PLAN 2 – DESACTIVADO,mantenedor,vista previa del diseño del plan,Validar que se pueda ver la vista previa del diseño del plan,Se debe poder ver la vista previa del diseño del plan
MANTENEDOR – CONFIGURACIÓN DE PARRILLAS - SWITCH MOSTRAR EN EL APP – PLAN 2 – DESACTIVADO,mantenedor,contenedor de texto -Términos y condiciones de Uso-,Validar que se pueda visualizar el texto de términos y condiciones de uso,Se debe poder visualizar el texto de términos y condiciones de uso
MANTENEDOR – CONFIGURACIÓN DE PARRILLAS - SWITCH MOSTRAR EN EL APP – PLAN 2 – DESACTIVADO,mantenedor,contenedor -Contrato-,Validar que se pueda visualizar el código en HTML del contrato,Se debe poder visualizar el código en HTML del contrato
MANTENEDOR – CONFIGURACIÓN DE PARRILLAS - SWITCH MOSTRAR EN EL APP – PLAN 2 – DESACTIVADO,mantenedor,Switch -¿Desea mostrar en el app?-,Validar que se pueda desactivar el switch -¿Desea mostrar en el app?-,Se debe poder desactivar el switch -¿Desea mostrar en el app?-
MANTENEDOR – CONFIGURACIÓN DE PARRILLAS - SWITCH MOSTRAR EN EL APP – PLAN 2 – DESACTIVADO,mantenedor,Switch -¿Caribú?-,Validar que se pueda activar el switch -¿Caribú?-,Se debe poder activar el switch -¿Caribú?-
MANTENEDOR – CONFIGURACIÓN DE PARRILLAS - SWITCH MOSTRAR EN EL APP – PLAN 2 – DESACTIVADO,mantenedor,botón Continuar,Validar que al darle clic en el botón Continuar se guarde la actualización,Se debe mostrar en pantalla que la actualización se realizó de manera correcta
MANTENEDOR – CONFIGURACIÓN DE PARRILLAS - SWITCH MOSTRAR EN EL APP – PLAN 2 – DESACTIVADO,aplicación,botón menú hamburguesa,Validar que al darle clic en el botón menú hamburguesa se despliegue el menú hamburguesa,Se debe desplegar el menú hamburguesa de manera correcta
MANTENEDOR – CONFIGURACIÓN DE PARRILLAS - SWITCH MOSTRAR EN EL APP – PLAN 2 – DESACTIVADO,aplicación,botón ‘pásate a un plan’,Validar que al darle clic en el botón ‘pásate a un plan’ se muestre la pantalla Pásate a un plan,Se debe mostrar la pantalla Pásate a un plan
MANTENEDOR – CONFIGURACIÓN DE PARRILLAS - SWITCH MOSTRAR EN EL APP – PLAN 2 – DESACTIVADO,aplicación,botón Pasarme a un plan,Validar que al darle clic en el botón Pasarme a un plan se muestre la pantalla Planes Movistar,Se debe mostrar la pantalla Planes Movistar
MANTENEDOR – CONFIGURACIÓN DE PARRILLAS - SWITCH MOSTRAR EN EL APP – PLAN 2 – DESACTIVADO,aplicación,switch mostrar en el app,Validar que el plan 2 no se pueda visualizar en la pantalla Planes Movistar debido a que el switch mostrar en el app está desactivado,El plan 2 no se debe poder visualizar en la pantalla Planes Movistar
MANTENEDOR - PARRILLAS SWITCH CARIBU - PLAN 2 Y 3 ENCENDIDO,mantenedor,menú NBA Admin,Validar que al dar clic en el botón Parrillas Flujos Nativos nos muestre la pantalla Parrilla Flujos Nativos,Se debe mostrar la pantalla Parrilla Flujos Nativos
MANTENEDOR - PARRILLAS SWITCH CARIBU - PLAN 2 Y 3 ENCENDIDO,mantenedor,sección Migración,Validar que al dar clic en la sección Migración nos muestre la sección Parrillas,Se debe mostrar la sección Parrillas
MANTENEDOR - PARRILLAS SWITCH CARIBU - PLAN 2 Y 3 ENCENDIDO,mantenedor,sección Parrillas,Validar que al dar clic en el plan 1 nos muestre el plan 1 con el switch Caribú desactivado,Se debe mostrar el plan 1 con el switch Caribú desactivado
MANTENEDOR - PARRILLAS SWITCH CARIBU - PLAN 2 Y 3 ENCENDIDO,mantenedor,sección Parrillas,Validar que al dar clic en el plan 2 nos muestre el plan 2 con el switch Caribú activado,Se debe mostrar el plan 2 con el switch Caribú activado
MANTENEDOR - PARRILLAS SWITCH CARIBU - PLAN 2 Y 3 ENCENDIDO,mantenedor,sección Parrillas,Validar que al dar clic en el plan 3 nos muestre el plan 3 con el switch Caribú activado,Se debe mostrar el plan 3 con el switch Caribú activado
MANTENEDOR - PARRILLAS SWITCH CARIBU - PLAN 2 Y 3 ENCENDIDO,mantenedor,sección Parrillas,Validar que al dar clic en el plan 4 nos muestre el plan 4 con el switch Caribú desactivado,Se debe mostrar el plan 4 con el switch Caribú desactivado
MANTENEDOR - PARRILLAS SWITCH CARIBU - PLAN 2 Y 3 ENCENDIDO,mantenedor,sección Parrillas,Validar que al dar clic en el plan 5 nos muestre el plan 5 con el switch Caribú desactivado,Se debe mostrar el plan 5 con el switch Caribú desactivado
MANTENEDOR - PARRILLAS SWITCH CARIBU - PLAN 2 Y 3 ENCENDIDO,aplicación,botón menú hamburguesa,Validar que al dar clic en el botón menú hamburguesa se despliegue el menú hamburguesa,Se debe desplegar el menú hamburguesa
MANTENEDOR - PARRILLAS SWITCH CARIBU - PLAN 2 Y 3 ENCENDIDO,aplicación,botón 'pásate a un plan',Validar que al dar clic en el botón 'pásate a un plan' se muestre la pantalla 'Pásate a un plan',Se debe mostrar la pantalla 'Pásate a un plan'
MANTENEDOR - PARRILLAS SWITCH CARIBU - PLAN 2 Y 3 ENCENDIDO,aplicación,botón 'Pasarme a un plan',Validar que al dar clic en el botón 'Pasarme a un plan' se muestre la pantalla 'Planes Movistar',Se debe mostrar la pantalla 'Planes Movistar'
"MANTENEDOR - PARRILLAS SWITCH CARIBU – Plan1, 4 Y 5 Encendido, Plan 2 y 3 Apagado",mantenedor,menú hamburguesa,Validar que al darle clic en el botón menú hamburguesa se despliegue correctamente,Se debe desplegar el menú hamburguesa correctamente
"MANTENEDOR - PARRILLAS SWITCH CARIBU – Plan1, 4 Y 5 Encendido, Plan 2 y 3 Apagado",mantenedor,botón Parrillas Flujos Nativos,Validar que al darle clic en el botón Parrillas Flujos Nativos se muestre la pantalla Parrilla Flujos Nativos,Se debe mostrar la pantalla Parrilla Flujos Nativos
"MANTENEDOR - PARRILLAS SWITCH CARIBU – Plan1, 4 Y 5 Encendido, Plan 2 y 3 Apagado",mantenedor,sección Migración,Validar que al darle clic en la sección Migración se muestre la sección Parrillas,Se debe mostrar la sección Parrillas
"MANTENEDOR - PARRILLAS SWITCH CARIBU – Plan1, 4 Y 5 Encendido, Plan 2 y 3 Apagado",mantenedor,sección Parrillas,Validar que se puedan visualizar los diferentes planes en la sección Parrillas,Se deben poder visualizar los diferentes planes en la sección Parrillas
"MANTENEDOR - PARRILLAS SWITCH CARIBU – Plan1, 4 Y 5 Encendido, Plan 2 y 3 Apagado",mantenedor,switch Caribú,Validar que se pueda activar o desactivar el switch Caribú en la sección Parrillas,Se debe poder activar o desactivar el switch Caribú en la sección Parrillas
"MANTENEDOR - PARRILLAS SWITCH CARIBU – Plan1, 4 Y 5 Encendido, Plan 2 y 3 Apagado",mantenedor,plan 1,Validar que al darle clic en el plan 1 se muestre el switch Caribú desactivado,Se debe mostrar el switch Caribú desactivado
"MANTENEDOR - PARRILLAS SWITCH CARIBU – Plan1, 4 Y 5 Encendido, Plan 2 y 3 Apagado",mantenedor,switch Caribú,Validar que al activar el switch Caribú en el plan 1 se muestre como activado,Se debe mostrar el switch Caribú activado
"MANTENEDOR - PARRILLAS SWITCH CARIBU – Plan1, 4 Y 5 Encendido, Plan 2 y 3 Apagado",mantenedor,botón guardar,Validar que al darle clic en el botón guardar se guarden los cambios realizados en la sección Parrillas,Se deben guardar los cambios realizados en la sección Parrillas
"MANTENEDOR - PARRILLAS SWITCH CARIBU – Plan1, 4 Y 5 Encendido, Plan 2 y 3 Apagado",mantenedor,plan 2,Validar que al darle clic en el plan 2 se muestre el switch Caribú activado,Se debe mostrar el switch Caribú activado
"MANTENEDOR - PARRILLAS SWITCH CARIBU – Plan1, 4 Y 5 Encendido, Plan 2 y 3 Apagado",mantenedor,switch Caribú,Validar que al desactivar el switch Caribú en el plan 2 se muestre como desactivado,Se debe mostrar el switch Caribú desactivado
"MANTENEDOR - PARRILLAS SWITCH CARIBU – Plan1, 4 Y 5 Encendido, Plan 2 y 3 Apagado",mantenedor,botón guardar,Validar que al darle clic en el botón guardar se guarden los cambios realizados en la sección Parrillas,Se deben guardar los cambios realizados en la sección Parrillas
"MANTENEDOR - PARRILLAS SWITCH CARIBU – Plan1, 4 Y 5 Encendido, Plan 2 y 3 Apagado",mantenedor,plan 3,Validar que al darle clic en el plan 3 se muestre el switch Caribú activado,Se debe mostrar el switch Caribú activado
"MANTENEDOR - PARRILLAS SWITCH CARIBU – Plan1, 4 Y 5 Encendido, Plan 2 y 3 Apagado",mantenedor,switch Caribú,Validar que al desactivar el switch Caribú en el plan 3 se muestre como desactivado,Se debe mostrar el switch Caribú desactivado
"MANTENEDOR - PARRILLAS SWITCH CARIBU – Plan1, 4 Y 5 Encendido, Plan 2 y 3 Apagado",mantenedor,botón guardar,Validar que al darle clic en el botón guardar se guarden los cambios realizados en la sección Parrillas,Se deben guardar los cambios realizados en la sección Parrillas
"MANTENEDOR - PARRILLAS SWITCH CARIBU – Plan1, 4 Y 5 Encendido, Plan 2 y 3 Apagado",mantenedor,plan 4,Validar que al darle clic en el plan 4 se muestre el switch Caribú desactivado,Se debe mostrar el switch Caribú desactivado
"MANTENEDOR - PARRILLAS SWITCH CARIBU – Plan1, 4 Y 5 Encendido, Plan 2 y 3 Apagado",mantenedor,switch Caribú,Validar que al activar el switch Caribú en el plan 4 se muestre como activado,Se debe mostrar el switch Caribú activado
"MANTENEDOR - PARRILLAS SWITCH CARIBU – Plan1, 4 Y 5 Encendido, Plan 2 y 3 Apagado",mantenedor,botón guardar,Validar que al darle clic en el botón guardar se guarden los cambios realizados en la sección Parrillas,Se deben guardar los cambios realizados en la sección Parrillas
"MANTENEDOR - PARRILLAS SWITCH CARIBU – Plan1, 4 Y 5 Encendido, Plan 2 y 3 Apagado",mantenedor,plan 5,Validar que al darle clic en el plan 5 se muestre el switch Caribú desactivado,Se debe mostrar el switch Caribú desactivado
"MANTENEDOR - PARRILLAS SWITCH CARIBU – Plan1, 4 Y 5 Encendido, Plan 2 y 3 Apagado",mantenedor,switch Caribú,Validar que al activar el switch Caribú en el plan 5 se muestre como activado,Se debe mostrar el switch Caribú activado
"MANTENEDOR - PARRILLAS SWITCH CARIBU – Plan1, 4 Y 5 Encendido, Plan 2 y 3 Apagado",mantenedor,botón guardar,Validar que al darle clic en el botón guardar se guarden los cambios realizados en la sección Parrillas,Se deben guardar los cambios realizados en la sección Parrillas
"MANTENEDOR - PARRILLAS SWITCH CARIBU – Plan1, 4 Y 5 Encendido, Plan 2 y 3 Apagado",aplicación,botón menú hamburguesa,Validar que al darle clic en el botón menú hamburguesa se despliegue correctamente,Se debe desplegar el menú hamburguesa correctamente
"MANTENEDOR - PARRILLAS SWITCH CARIBU – Plan1, 4 Y 5 Encendido, Plan 2 y 3 Apagado",aplicación,botón 'pásate a un plan',Validar que al darle clic en el botón 'pásate a un plan' se muestre la pantalla Pásate a un plan,Se debe mostrar la pantalla Pásate a un plan
"MANTENEDOR - PARRILLAS SWITCH CARIBU – Plan1, 4 Y 5 Encendido, Plan 2 y 3 Apagado",aplicación,botón Pasarme a un plan,Validar que al darle clic en el botón Pasarme a un plan se muestre la pantalla Planes Movistar,Se debe mostrar la pantalla Planes Movistar
"MANTENEDOR - PARRILLAS SWITCH CARIBU – Plan1, 4 Y 5 Encendido, Plan 2 y 3 Apagado",aplicación,pantalla Planes Movistar,"Validar que se puedan visualizar los planes 1, 4 y 5 en la pantalla Planes Movistar","Se deben poder visualizar los planes 1, 4 y 5 en la pantalla Planes Movistar"
MIGRACIÓN CARIBU – Exitoso,aplicación,menú aplicación,Validar que al ingresar a la aplicación se visualice el menú de la aplicación,Se debe mostrar el menú de la aplicación
MIGRACIÓN CARIBU – Exitoso,aplicación,botón pasarme a un plan,Validar que al dar clic en el botón 'Pasarme a un plan' se muestre la pantalla 'Pásate a un plan',Se debe mostrar la pantalla 'Pásate a un plan'
MIGRACIÓN CARIBU – Exitoso,aplicación,pantalla 'Pásate a un plan',Validar que la pantalla 'Pásate a un plan' muestre los beneficios correspondientes al pasarse a un plan,Se deben mostrar los beneficios correspondientes al pasarse a un plan
MIGRACIÓN CARIBU – Exitoso,aplicación,botón 'Pasarme a un plan',Validar que al dar clic en el botón 'Pasarme a un plan' se muestre la pantalla 'Planes Movistar',Se debe mostrar la pantalla 'Planes Movistar'
MIGRACIÓN CARIBU – Exitoso,aplicación,pantalla 'Planes Movistar',Validar que la pantalla 'Planes Movistar' muestre los diferentes planes que se pueden adquirir,Se deben mostrar los diferentes planes que se pueden adquirir
MIGRACIÓN CARIBU – Exitoso,aplicación,botón continuar,Validar que al seleccionar el botón 'Continuar' se muestre la pantalla 'Confirma tu identidad',Se debe mostrar la pantalla 'Confirma tu identidad'
MIGRACIÓN CARIBU – Exitoso,aplicación,campos de la pantalla 'Confirma tu identidad',Validar que al ingresar un teléfono de contacto en el campo 'Teléfono de contacto' se habilite el botón 'Continuar',Se debe habilitar el botón 'Continuar'
MIGRACIÓN CARIBU – Exitoso,aplicación,campos de la pantalla 'Confirma tu identidad',Validar que al ingresar un RFC con homoclave válido en el campo 'RFC con Homoclave' se habilite el botón 'Continuar',Se debe habilitar el botón 'Continuar'
MIGRACIÓN CARIBU – Exitoso,aplicación,botón 'Editar datos de contacto',Validar que al dar clic en el botón 'Editar datos de contacto' se habilite el campo 'Correo electrónico',Se debe habilitar el campo 'Correo electrónico'
MIGRACIÓN CARIBU – Exitoso,aplicación,botón 'Guardar y continuar',Validar que al dar clic en el botón 'Guardar y continuar' se muestre la pantalla 'Checkout - Dirección de Facturación',Se debe mostrar la pantalla 'Checkout - Dirección de Facturación'
MIGRACIÓN CARIBU – Exitoso,aplicación,campos de la pantalla 'Checkout - Dirección de Facturación',Validar que al ingresar una calle en el campo 'Calle' se habilite el botón 'Siguiente',Se debe habilitar el botón 'Siguiente'
MIGRACIÓN CARIBU – Exitoso,aplicación,campos de la pantalla 'Checkout - Dirección de Facturación',Validar que al ingresar un número interior en el campo 'Número Interior' se habilite el botón 'Siguiente',Se debe habilitar el botón 'Siguiente'
MIGRACIÓN CARIBU – Exitoso,aplicación,campos de la pantalla 'Checkout - Dirección de Facturación',Validar que al ingresar un número exterior en el campo 'Número Exterior' se habilite el botón 'Siguiente',Se debe habilitar el botón 'Siguiente'
MIGRACIÓN CARIBU – Exitoso,aplicación,campos de la pantalla 'Checkout - Dirección de Facturación',Validar que al ingresar un código postal válido en el campo 'Código Postal' se habilite el botón 'Siguiente',Se debe habilitar el botón 'Siguiente'
MIGRACIÓN CARIBU – Exitoso,aplicación,combo lista 'Colonia',Validar que al seleccionar una colonia en el combo lista 'Colonia' se llenen automáticamente los campos 'Delegación/Municipio' y 'Estado/Ciudad',Se deben llenar automáticamente los campos 'Delegación/Municipio' y 'Estado/Ciudad'
MIGRACIÓN CARIBU – Exitoso,aplicación,botón 'Siguiente',Validar que al dar clic en el botón 'Siguiente' se muestre la pantalla 'Spinner de carga',Se debe mostrar la pantalla 'Spinner de carga'
MIGRACIÓN CARIBU – Exitoso,aplicación,pantalla 'Spinner de carga',Validar que la pantalla 'Spinner de carga' muestre el mensaje 'Esto puede tomar algo de tiempo. Por favor no actualices la pantalla',Se debe mostrar el mensaje 'Esto puede tomar algo de tiempo. Por favor no actualices la pantalla'
MIGRACIÓN CARIBU – Exitoso,aplicación,vínculos de contrato,Validar que al dar clic en los vínculos de contrato se abran en el navegador o app predeterminado,Se deben abrir los vínculos de contrato en el navegador o app predeterminado
MIGRACIÓN CARIBU – Exitoso,aplicación,casillas para aceptar el manifiesto de contrato y los términos y condiciones,Validar que al seleccionar las casillas correspondientes se habilite el botón 'Continuar',Se debe habilitar el botón 'Continuar'
MIGRACIÓN CARIBU – Exitoso,aplicación,botón 'Continuar',Validar que al dar clic en el botón 'Continuar' se muestre la pantalla de éxito (succesfull) con el resumen de compras,Se debe mostrar la pantalla de éxito (succesfull) con el resumen de compras
MIGRACIÓN CARIBU – Pantalla de bloqueo,aplicación,menú hamburguesa,Validar que al ingresar al menú hamburguesa se muestre la opción 'Pásate a un plan',Se debe mostrar la opción 'Pásate a un plan'
MIGRACIÓN CARIBU – Pantalla de bloqueo,aplicación,pantalla de bloqueo,Validar que al dar clic en la opción 'Pásate a un plan' se muestre la pantalla de bloqueo,Se debe mostrar la pantalla de bloqueo con el mensaje 'Tu cambio está en proceso'
MIGRACIÓN CARIBU – Pantalla de bloqueo,aplicación,pantalla de bloqueo,Validar que la pantalla de bloqueo muestre el mensaje 'Tu cambio está en proceso',Se debe mostrar el mensaje 'Tu cambio está en proceso'
MIGRACIÓN CARIBU – Pantalla de bloqueo,aplicación,pantalla de bloqueo,Validar que la pantalla de bloqueo indique que el Dn prepago está en proceso de migración a pospago,Se debe indicar que el Dn prepago está en proceso de migración a pospago
MIGRACIÓN CARIBU- Datos Incorrectos,aplicación,menú aplicación,Validar que al ingresar con un DN proporcionado se muestre el menú de la aplicación,Se debe mostrar el menú de la aplicación
MIGRACIÓN CARIBU- Datos Incorrectos,aplicación,opción Pásate a un plan,Validar que al seleccionar la opción Pásate a un plan se muestre la pantalla Pásate a un plan,Se debe mostrar la pantalla Pásate a un plan
MIGRACIÓN CARIBU- Datos Incorrectos,aplicación,botón Pasarme a un plan,Validar que al dar clic en el botón Pasarme a un plan se muestre la pantalla Planes Movistar,Se debe mostrar la pantalla Planes Movistar
MIGRACIÓN CARIBU- Datos Incorrectos,aplicación,carrusel de planes,Validar que se muestren los diferentes planes en el carrusel de la pantalla Planes Movistar,Se deben mostrar los diferentes planes en el carrusel
MIGRACIÓN CARIBU- Datos Incorrectos,aplicación,botón configurado en el mantenedor,Validar que al seleccionar el plan Video y dar clic en el botón configurado en el mantenedor se muestre la pantalla Confirma tu identidad,Se debe mostrar la pantalla Confirma tu identidad
MIGRACIÓN CARIBU- Datos Incorrectos,aplicación,campo teléfono de contacto,Validar que al ingresar un número de teléfono incorrecto se bloquee la opción Continuar,Se debe bloquear la opción Continuar
MIGRACIÓN CARIBU- Datos Incorrectos,aplicación,campo RFC con homoclave,Validar que al ingresar una RFC incorrecta se muestre el mensaje 'RFC Inválido',Se debe mostrar el mensaje 'RFC Inválido'
MIGRACIÓN CARIBU- Datos Incorrectos,aplicación,botón Editar datos de contacto,Validar que al dar clic en el botón Editar datos de contacto se habilite el campo Correo electrónico,Se debe habilitar el campo Correo electrónico
MIGRACIÓN CARIBU- Datos Incorrectos,aplicación,campo Correo electrónico,Validar que al ingresar un correo electrónico incorrecto se muestre el mensaje 'Correo electrónico inválido',Se debe mostrar el mensaje 'Correo electrónico inválido'
MIGRACIÓN CARIBU- Datos Incorrectos,aplicación,opción Guardar y Continuar,Validar que al usar datos incorrectos se bloquee la opción Guardar y Continuar,Se debe bloquear la opción Guardar y Continuar
MIGRACIÓN NORMAL-Exitoso,aplicación,pantalla principal de consumo,Ingresar a la APP Migraciones Normal con el DN proporcionado y mostrar la pantalla principal de consumo,Se debe mostrar la pantalla principal de consumo
MIGRACIÓN NORMAL-Exitoso,aplicación,botón menú hamburguesa,Dar clic en el botón menú hamburguesa y mostrar el menú hamburguesa,Se debe mostrar el menú hamburguesa
MIGRACIÓN NORMAL-Exitoso,aplicación,botón 'Pásate a un plan',Dar clic en el botón 'Pásate a un plan' y mostrar la pantalla de bienvenida 'Pásate a un plan',Se debe mostrar la pantalla de bienvenida 'Pásate a un plan'
MIGRACIÓN NORMAL-Exitoso,aplicación,botón 'Pasarme a un plan',Dar clic en el botón 'Pasarme a un plan' y mostrar la pantalla de Historial crediticio,Se debe mostrar la pantalla de Historial crediticio
MIGRACIÓN NORMAL-Exitoso,aplicación,campo 'RFC',Dar clic en el vínculo 'Aviso de Privacidad' y mostrar la página web del Aviso de Privacidad,Se debe mostrar la página web del Aviso de Privacidad
MIGRACIÓN NORMAL-Exitoso,aplicación,icono ¡ del campo -RFC-,"Dar clic en el icono ¡ del campo -RFC- y mostrar el mensaje en pantalla 'Si no conoces tu RFC, encuéntralo aquí'","Se debe mostrar el mensaje en pantalla 'Si no conoces tu RFC, encuéntralo aquí'"
MIGRACIÓN NORMAL-Exitoso,aplicación,vínculo del mensaje en pantalla 'Aquí',Dar clic en el vínculo del mensaje en pantalla 'Aquí' y mostrar la plataforma Portal de trámites y servicios - SAT para consultar el RFC,Se debe mostrar la plataforma Portal de trámites y servicios - SAT para consultar el RFC
MIGRACIÓN NORMAL-Exitoso,aplicación,casilla '¿Tienes tarjeta de crédito vigente?',Seleccionar la casilla 'No' de la pregunta '¿Tienes tarjeta de crédito vigente?',Se debe seleccionar la casilla 'No' de la pregunta '¿Tienes tarjeta de crédito vigente?'
MIGRACIÓN NORMAL-Exitoso,aplicación,casilla '¿En los últimos 2 años recibiste un crédito automotriz?',Seleccionar la casilla 'No' de la pregunta '¿En los últimos 2 años recibiste un crédito automotriz?',Se debe seleccionar la casilla 'No' de la pregunta '¿En los últimos 2 años recibiste un crédito automotriz?'
MIGRACIÓN NORMAL-Exitoso,aplicación,casilla '¿Recibiste un crédito hipotecario en los últimos 6 años?',Seleccionar la casilla 'No' de la pregunta '¿Recibiste un crédito hipotecario en los últimos 6 años?',Se debe seleccionar la casilla 'No' de la pregunta '¿Recibiste un crédito hipotecario en los últimos 6 años?'
MIGRACIÓN NORMAL-Exitoso,aplicación,casillas para Autorizar a Telefónica Movistar a consultar el buró de crédito y Aceptar el aviso de privacidad,Seleccionar las 2 casillas para Autorizar a Telefónica Movistar a consultar el buró de crédito y Aceptar el aviso de privacidad,Se deben seleccionar las 2 casillas para Autorizar a Telefónica Movistar a consultar el buró de crédito y Aceptar el aviso de privacidad
MIGRACIÓN NORMAL-Exitoso,aplicación,botón 'Continuar',Dar clic en el botón 'Continuar' y mostrar la pantalla del spinner de carga,Se debe mostrar la pantalla del spinner de carga
MIGRACIÓN NORMAL-Exitoso,aplicación,carrusel de planes,Mostrar en carrusel los planes correspondientes al Dn Migraciones Normal,Se deben mostrar en carrusel los planes correspondientes al Dn Migraciones Normal
MIGRACIÓN NORMAL-Exitoso,aplicación,botón 'Aceptar',Seleccionar el plan Música de un costo de $200 dando clic en el botón 'Aceptar',Se debe seleccionar el plan Música de un costo de $200
MIGRACIÓN NORMAL-Exitoso,aplicación,botón 'Continuar',Dar clic en el botón 'Continuar' y mostrar la pantalla de 'Beneficios de tener un plan',Se debe mostrar la pantalla de 'Beneficios de tener un plan'
MIGRACIÓN NORMAL-Exitoso,aplicación,pantalla de resumen de compra,Mostrar la pantalla de resumen de compra con los detalles del plan seleccionado,Se debe mostrar la pantalla de resumen de compra con los detalles del plan seleccionado
MIGRACIÓN NORMAL-Exitoso,aplicación,icono ¡ del campo 'Paga hoy',"Dar clic en el icono ¡ del campo 'Paga hoy' y mostrar el mensaje en pantalla 'Este monto corresponde a la fianza anual, no es un anticipo de tu renta'","Se debe mostrar el mensaje en pantalla 'Este monto corresponde a la fianza anual, no es un anticipo de tu renta'"
MIGRACIÓN NORMAL-Exitoso,aplicación,botón 'Continuar',Dar clic en el botón 'Continuar' y mostrar la pantalla 'Checkout',Se debe mostrar la pantalla 'Checkout'
MIGRACIÓN NORMAL-Exitoso,aplicación,sección 'Muestra tu orden',Dar clic en la sección 'Muestra tu orden' y mostrar la sección Orden,Se debe mostrar la sección Orden
MIGRACIÓN NORMAL-Exitoso,aplicación,sección 'Minimizar tu orden',Dar clic en la sección 'Minimizar tu orden' y cerrar la sección Orden,Se debe cerrar la sección Orden
MIGRACIÓN NORMAL-Exitoso,aplicación,sección 'Tus datos',Mostrar en pantalla la sección 'Tus datos' con los campos correspondientes,Se debe mostrar en pantalla la sección 'Tus datos' con los campos correspondientes
MIGRACIÓN NORMAL-Exitoso,aplicación,campo 'Correo Electrónico',Ingresar en el campo 'Correo Electrónico' un correo electrónico válido,Se debe ingresar en el campo 'Correo Electrónico' un correo electrónico válido
MIGRACIÓN NORMAL-Exitoso,aplicación,icono ¡ del campo 'Teléfono de contacto',Dar clic en el icono ¡ del campo 'Teléfono de contacto' y mostrar el mensaje en pantalla 'Número de contacto a 10 dígitos',Se debe mostrar el mensaje en pantalla 'Número de contacto a 10 dígitos'
MIGRACIÓN NORMAL-Exitoso,aplicación,icono ¡ del campo 'Teléfono de contacto adicional',Dar clic en el icono ¡ del campo 'Teléfono de contacto adicional' y mostrar el mensaje en pantalla 'Otro número a 10 dígitos para contactarte',Se debe mostrar el mensaje en pantalla 'Otro número a 10 dígitos para contactarte'
MIGRACIÓN NORMAL-Exitoso,aplicación,icono ¡ del campo 'Clave de Elector',"Dar clic en el icono ¡ del campo 'Clave de Elector' y mostrar el mensaje en pantalla 'Ingresa los 18 dígitos de INE, sin espacios'","Se debe mostrar el mensaje en pantalla 'Ingresa los 18 dígitos de INE, sin espacios'"
MIGRACIÓN NORMAL-Exitoso,aplicación,casilla 'Vengo del extranjero',Dar clic en la casilla 'Vengo del extranjero' y mostrar el campo 'FMM' ocultando el campo 'Clave de Elector',Se debe mostrar el campo 'FMM' ocultando el campo 'Clave de Elector'
MIGRACIÓN NORMAL-Exitoso,aplicación,icono ¡ del campo 'FMM',Dar clic en el icono ¡ del campo 'FMM' y mostrar el mensaje en pantalla 'Forma Migratoria Múltiple FM2 Y FM3',Se debe mostrar el mensaje en pantalla 'Forma Migratoria Múltiple FM2 Y FM3'
MIGRACIÓN NORMAL-Exitoso,aplicación,botón 'Continuar',Dar clic en el botón 'Continuar' y mostrar la pantalla 'Checkout - Dirección de Facturación',Se debe mostrar la pantalla 'Checkout - Dirección de Facturación'
MIGRACIÓN NORMAL-Exitoso,aplicación,campo 'Calle',Ingresar en el campo 'Calle' la calle o dirección correspondiente,Se debe ingresar en el campo 'Calle' la calle o dirección correspondiente
MIGRACIÓN NORMAL-Exitoso,aplicación,campo 'Número Interior',Ingresar en el campo 'Número Interior' el número correspondiente,Se debe ingresar en el campo 'Número Interior' el número correspondiente
MIGRACIÓN NORMAL-Exitoso,aplicación,campo 'Número Exterior',Ingresar en el campo 'Número Exterior' el número correspondiente,Se debe ingresar en el campo 'Número Exterior' el número correspondiente
MIGRACIÓN NORMAL-Exitoso,aplicación,campo 'Código Postal',Ingresar en el campo 'Código Postal' un Código Postal válido,Se debe ingresar en el campo 'Código Postal' un Código Postal válido
MIGRACIÓN NORMAL-Exitoso,aplicación,combo lista 'Colonia',Seleccionar la colonia correspondiente y llenar los campos Delegación/Municipio y Estado/Ciudad,Se debe seleccionar la colonia correspondiente y llenar los campos Delegación/Municipio y Estado/Ciudad
MIGRACIÓN NORMAL-Exitoso,aplicación,botón 'Siguiente',Dar clic en el botón 'Siguiente' y mostrar la pantalla 'Checkout - Contrato',Se debe mostrar la pantalla 'Checkout - Contrato'
MIGRACIÓN NORMAL-Exitoso,aplicación,vínculo 'aquí',Dar clic en el vínculo 'aquí' y abrir el Contrato en formato PDF,Se debe abrir el Contrato en formato PDF
MIGRACIÓN NORMAL-Exitoso,aplicación,vínculo 'Las Cláusulas',Dar clic en el vínculo 'Las Cláusulas' y abrir la página web donde se muestran las cláusulas,Se debe abrir la página web donde se muestran las cláusulas
MIGRACIÓN NORMAL-Exitoso,aplicación,vínculo 'La Carta de Derechos',Dar clic en el vínculo 'La Carta de Derechos' y abrir la página web donde se muestra la carta de derechos,Se debe abrir la página web donde se muestra la carta de derechos
MIGRACIÓN NORMAL-Exitoso,aplicación,vínculo 'Las Políticas',Dar clic en el vínculo 'Las Políticas' y abrir la página web donde se muestran las políticas,Se debe abrir la página web donde se muestran las políticas
MIGRACIÓN NORMAL-Exitoso,aplicación,vínculo 'Términos y Condiciones de Uso',Seleccionar la palabra 'Términos y Condiciones de Uso' y mostrar los términos y condiciones de uso,Se deben mostrar los términos y condiciones de uso
MIGRACIÓN NORMAL-Exitoso,aplicación,casillas para aceptar el manifiesto de contrato y aceptar los términos y condiciones,Seleccionar las 2 casillas para aceptar el manifiesto de contrato y aceptar los términos y condiciones,Se deben seleccionar las 2 casillas para aceptar el manifiesto de contrato y aceptar los términos y condiciones
MIGRACIÓN NORMAL-Exitoso,aplicación,botón 'Continuar',Dar clic en el botón 'Continuar' y mostrar la pantalla de multipagos,Se debe mostrar la pantalla de multipagos
MIGRACIÓN NORMAL-Exitoso,aplicación,opción 'Detalle',Dar clic en la opción 'Detalle' y mostrar el producto a adquirir en este caso el plan movistar 1,Se debe mostrar el producto a adquirir en este caso el plan movistar 1
MIGRACIÓN NORMAL-Exitoso,aplicación,botón 'Tarjeta de Crédito o Débito',Dar clic en el botón 'Tarjeta de Crédito o Débito' y mostrar la sección 'Favor de completar la información',Se debe mostrar la sección 'Favor de completar la información'
MIGRACIÓN NORMAL-Exitoso,aplicación,campo 'Nombre del titular',Ingresar en el campo 'Nombre del titular' el nombre correspondiente,Se debe ingresar en el campo 'Nombre del titular' el nombre correspondiente
MIGRACIÓN NORMAL-Exitoso,aplicación,campo 'Número de Tarjeta',Ingresar en el campo 'Número de Tarjeta' el número de tarjeta correspondiente,Se debe ingresar en el campo 'Número de Tarjeta' el número de tarjeta correspondiente
MIGRACIÓN NORMAL-Exitoso,aplicación,campo 'CVV2',Ingresar en el campo 'CVV2' el código correspondiente,Se debe ingresar en el campo 'CVV2' el código correspondiente
MIGRACIÓN NORMAL-Exitoso,aplicación,botón 'Pagar',Dar clic en el botón 'Pagar' y mostrar la sección 'Información acerca del pago',Se debe mostrar la sección 'Información acerca del pago'
MIGRACIÓN NORMAL-Exitoso,aplicación,botón 'Continuar',Dar clic en el botón 'Continuar' y mostrar la pantalla de pago exitoso,Se debe mostrar la pantalla de pago exitoso
MIGRACIÓN NORMAL-Exitoso,aplicación,pantalla de pago exitoso,Mostrar la pantalla de pago exitoso con los detalles de la compra y los datos personales,Se debe mostrar la pantalla de pago exitoso con los detalles de la compra y los datos personales
MIGRACIÓN NORMAL – Pantalla de bloqueo,aplicación,menú hamburguesa,Ingresamos al menú hamburguesa y el menú hamburguesa de forma correcta nos muestra la opción “Pásate a un plan” el cual daremos clic.,Se debe mostrar la opción 'Pásate a un plan' en el menú hamburguesa.
MIGRACIÓN NORMAL – Pantalla de bloqueo,aplicación,pantalla de bloqueo,La aplicación nos mostrara de manera correcta la pantalla de bloqueo con el mensaje ‘Tardara algunos minutos en verse reflejado y cuanto esto pase recibirás una notificación’ y daremos clic en el icono <- para regresar.,Se debe mostrar la pantalla de bloqueo con el mensaje indicado y permitir regresar al menú anterior al dar clic en el icono <-.
MIGRACIÓN NORMAL – Pantalla de bloqueo,aplicación,menú hamburguesa,"Ingresamos de nueva cuenta menú hamburguesa, nos muestra la opción Movistar Libre la cual daremos clic.",Se debe mostrar la opción 'Movistar Libre' en el menú hamburguesa.
MIGRACIÓN NORMAL – Pantalla de bloqueo,aplicación,pantalla de bloqueo,La aplicación nos mostrara de manera correcta la pantalla de bloqueo con el mensaje ‘Tardara algunos minutos en verse reflejado y cuanto esto pase recibirás una notificación’ y daremos clic en el icono <- para regresar.,Se debe mostrar la pantalla de bloqueo con el mensaje indicado y permitir regresar al menú anterior al dar clic en el icono <-.
MIGRACIÓN NORMAL – Pantalla de bloqueo,aplicación,menú hamburguesa,"Ingresamos de nueva cuenta menú hamburguesa, nos muestra la opción Recarga SOS la cual daremos clic.",Se debe mostrar la opción 'Recarga SOS' en el menú hamburguesa.
MIGRACIÓN NORMAL – Pantalla de bloqueo,aplicación,pantalla de bloqueo,La aplicación nos mostrara de manera correcta la pantalla de bloqueo con el mensaje ‘Tu cambio está en proceso’ evitando así usar la pantalla Recarga SOS con esto podemos confirmar el correcto funcionamiento de las pantallas de bloqueo una vez realizado el proceso de Migración.,Se debe mostrar la pantalla de bloqueo con el mensaje indicado y evitar el uso de la pantalla Recarga SOS.
MIGRACIÓN NORMAL – Pantalla de bloqueo,aplicación,pantalla de consumos,Regresamos de nuevo a la pantalla de consumos y daremos clic en la Sección Recarga.,Se debe mostrar la sección 'Recarga' en la pantalla de consumos.
MIGRACIÓN NORMAL – Pantalla de bloqueo,aplicación,pantalla de bloqueo,La aplicación nos mostrara de manera correcta la sección Recarga la cual nos muestra la pantalla de bloqueo con el mensaje ‘Tu cambio está en proceso’ evitando así usar la sección Recarga,Se debe mostrar la pantalla de bloqueo con el mensaje indicado y evitar el uso de la sección Recarga.
MIGRACIÓN NORMAL – Pantalla de bloqueo,aplicación,pantalla de consumos,Regresamos de nuevo a la pantalla de consumos y daremos clic en la Sección Compra.,Se debe mostrar la sección 'Compra' en la pantalla de consumos.
MIGRACIÓN NORMAL – Pantalla de bloqueo,aplicación,pantalla de bloqueo,La aplicación nos mostrara de manera correcta la sección Compra la cual nos muestra la pantalla de bloqueo con el mensaje ‘Tu cambio está en proceso’ evitando así usar la sección Compra.,Se debe mostrar la pantalla de bloqueo con el mensaje indicado y evitar el uso de la sección Compra.
MIGRACIÓN NORMAL – Pantalla de bloqueo,aplicación,pantalla de consumos,Regresamos de nuevo a la pantalla de consumos y daremos clic en la Sección Movistar Libre.,Se debe mostrar la sección 'Movistar Libre' en la pantalla de consumos.
MIGRACIÓN NORMAL – Pantalla de bloqueo,aplicación,pantalla de bloqueo,"La aplicación nos mostrara de manera correcta la sección Movistar Libre la cual nos muestra la pantalla de bloqueo con el mensaje ‘Tu cambio está en proceso’ evitando así usar la sección Movistar Libre, así verificando el correcto funcionamiento de las pantallas de bloqueo.",Se debe mostrar la pantalla de bloqueo con el mensaje indicado y evitar el uso de la sección Movistar Libre.
MIGRACIÓN NORMAL – Datos incorrectos,aplicación,botón menú hamburguesa,Validar que al darle clic en el botón menú hamburguesa se despliegue el menú hamburguesa,Se debe mostrar el menú hamburguesa correctamente
MIGRACIÓN NORMAL – Datos incorrectos,aplicación,botón 'Pásate a un plan',Validar que al darle clic en el botón 'Pásate a un plan' se muestre la pantalla de bienvenida 'Pásate a un plan',Se debe mostrar la pantalla de bienvenida 'Pásate a un plan'
MIGRACIÓN NORMAL – Datos incorrectos,aplicación,botón 'Pasarme a un plan',Validar que al darle clic en el botón 'Pasarme a un plan' se muestre la pantalla de Historial crediticio,Se debe mostrar la pantalla de Historial crediticio
MIGRACIÓN NORMAL – Datos incorrectos,aplicación,campo 'RFC',Validar que al darle clic en el vínculo 'Aviso de Privacidad' se abra el navegador predeterminado y se muestre la página web del Aviso de Privacidad,Se debe abrir el navegador predeterminado y mostrar la página web del Aviso de Privacidad
MIGRACIÓN NORMAL – Datos incorrectos,aplicación,icono ¡ del campo 'RFC',"Validar que al darle clic en el icono ¡ del campo 'RFC' se muestre el mensaje 'Si no conoces tu RFC, encuéntralo aquí'","Se debe mostrar el mensaje 'Si no conoces tu RFC, encuéntralo aquí'"
MIGRACIÓN NORMAL – Datos incorrectos,aplicación,vínculo del mensaje en pantalla 'Aquí',Validar que al darle clic en el vínculo del mensaje en pantalla 'Aquí' se muestre la plataforma Portal de trámites y servicios - SAT para consultar el RFC,Se debe mostrar la plataforma Portal de trámites y servicios - SAT para consultar el RFC
MIGRACIÓN NORMAL – Datos incorrectos,aplicación,campo 'RFC',Validar que al ingresar un RFC válido en el campo 'RFC' se pueda continuar con el proceso,Se debe permitir continuar con el proceso
MIGRACIÓN NORMAL – Datos incorrectos,aplicación,casilla '¿Tienes tarjeta de crédito vigente?',Validar que al seleccionar la casilla 'No' de la pregunta '¿Tienes tarjeta de crédito vigente?' se registre la respuesta correctamente,Se debe registrar la respuesta 'No' correctamente
MIGRACIÓN NORMAL – Datos incorrectos,aplicación,casilla '¿En los últimos 2 años recibiste un crédito automotriz?',Validar que al seleccionar la casilla 'No' de la pregunta '¿En los últimos 2 años recibiste un crédito automotriz?' se registre la respuesta correctamente,Se debe registrar la respuesta 'No' correctamente
MIGRACIÓN NORMAL – Datos incorrectos,aplicación,casilla '¿Recibiste un crédito hipotecario en los últimos 6 años?',Validar que al seleccionar la casilla 'No' de la pregunta '¿Recibiste un crédito hipotecario en los últimos 6 años?' se registre la respuesta correctamente,Se debe registrar la respuesta 'No' correctamente
MIGRACIÓN NORMAL – Datos incorrectos,aplicación,casillas para Autorizar a Telefónica Movistar a consultar el buró de crédito y Aceptar el aviso de privacidad,Validar que al seleccionar las 2 casillas para Autorizar a Telefónica Movistar a consultar el buró de crédito y Aceptar el aviso de privacidad se registren las respuestas correctamente,Se deben registrar las respuestas correctamente
MIGRACIÓN NORMAL – Datos incorrectos,aplicación,botón 'Continuar',Validar que al darle clic en el botón 'Continuar' se muestre la pantalla del spinner de carga,Se debe mostrar la pantalla del spinner de carga
MIGRACIÓN NORMAL – Datos incorrectos,aplicación,carrusel de planes,Validar que se muestren los planes correspondientes al DN Migraciones Normal en el carrusel de planes,Se deben mostrar los planes correspondientes correctamente
MIGRACIÓN NORMAL – Datos incorrectos,aplicación,botón 'Aceptar' del plan Música,Validar que al darle clic en el botón 'Aceptar' del plan Música se muestre la pantalla de 'Beneficios de tener un plan',Se debe mostrar la pantalla de 'Beneficios de tener un plan'
MIGRACIÓN NORMAL – Datos incorrectos,aplicación,botón 'Continuar' de la pantalla de 'Beneficios de tener un plan',Validar que al darle clic en el botón 'Continuar' de la pantalla de 'Beneficios de tener un plan' se muestre la pantalla de resumen de compra,Se debe mostrar la pantalla de resumen de compra
MIGRACIÓN NORMAL – Datos incorrectos,aplicación,icono ¡ del campo 'Paga hoy',"Validar que al darle clic en el icono ¡ del campo 'Paga hoy' se muestre el mensaje 'Este monto corresponde a la fianza anual, no es un anticipo de tu renta'","Se debe mostrar el mensaje 'Este monto corresponde a la fianza anual, no es un anticipo de tu renta'"
MIGRACIÓN NORMAL – Datos incorrectos,aplicación,botón 'Continuar' de la pantalla de resumen de compra,Validar que al darle clic en el botón 'Continuar' de la pantalla de resumen de compra se muestre la pantalla de Checkout,Se debe mostrar la pantalla de Checkout
MIGRACIÓN NORMAL – Datos incorrectos,aplicación,sección 'Muestra tu orden' de la pantalla de Checkout,Validar que al darle clic en la sección 'Muestra tu orden' de la pantalla de Checkout se despliegue la sección Orden,Se debe desplegar la sección Orden correctamente
MIGRACIÓN NORMAL – Datos incorrectos,aplicación,sección 'Minimizar tu orden' de la pantalla de Checkout,Validar que al darle clic en la sección 'Minimizar tu orden' de la pantalla de Checkout se cierre la sección Orden,Se debe cerrar la sección Orden correctamente
MIGRACIÓN NORMAL – Datos incorrectos,aplicación,sección 'Tus datos' de la pantalla de Checkout,"Validar que se muestren correctamente los campos 'Nombre', 'Correo electrónico', 'Teléfono de contacto', 'Teléfono de contacto adicional', 'RFC' y 'Clave de Elector' en la sección 'Tus datos'",Se deben mostrar los campos correctamente
MIGRACIÓN NORMAL – Datos incorrectos,aplicación,campo 'Correo Electrónico',Validar que al ingresar un correo electrónico no válido en el campo 'Correo Electrónico' se muestre el mensaje 'Correo electrónico inválido',Se debe mostrar el mensaje 'Correo electrónico inválido'
MIGRACIÓN NORMAL – Datos incorrectos,aplicación,icono ¡ del campo 'Teléfono de contacto',Validar que al darle clic en el icono ¡ del campo 'Teléfono de contacto' se muestre el mensaje 'Número de contacto a 10 dígitos',Se debe mostrar el mensaje 'Número de contacto a 10 dígitos'
MIGRACIÓN NORMAL – Datos incorrectos,aplicación,icono ¡ del campo 'Teléfono de contacto adicional',Validar que al darle clic en el icono ¡ del campo 'Teléfono de contacto adicional' se muestre el mensaje 'Otro número a 10 dígitos para contactarte',Se debe mostrar el mensaje 'Otro número a 10 dígitos para contactarte'
MIGRACIÓN NORMAL – Datos incorrectos,aplicación,icono ¡ del campo 'Clave de Elector',"Validar que al darle clic en el icono ¡ del campo 'Clave de Elector' se muestre el mensaje 'Ingresa los 18 dígitos de INE, sin espacios'","Se debe mostrar el mensaje 'Ingresa los 18 dígitos de INE, sin espacios'"
MIGRACIÓN NORMAL – Datos incorrectos,aplicación,botón 'Continuar' de la pantalla de Checkout,"Validar que al intentar continuar con todos los campos de la sección 'Tus datos' llenados de manera no válida, no se habilite el botón 'Continuar'",El botón 'Continuar' no debe estar habilitado
